meterid,noreadings
1000,25726
1001,25726
1002,25726
1003,25726
1004,25726
1005,25726
1006,25726
1007,25678
1008,25678
1009,25726
1010,22846
1011,22558
1012,4560
1013,25726
1014,25726
1015,25726
1016,25726
1017,25630
1018,25726
1019,25726
1020,25726
1021,25726
1022,25726
1023,25678
1024,25726
1025,25678
1026,25726
1027,25726
1028,25726
1029,25678
1030,25726
1031,25726
1032,25726
1033,25726
1034,25678
1035,25726
1036,25726
1037,25726
1038,13774
1039,25726
1040,1104
1041,25726
1042,25726
1043,23566
1044,25726
1045,25726
1046,25678
1047,25726
1048,6720
1049,25726
1050,25726
1051,25678
1052,25726
1053,25726
1054,25726
1055,25726
1056,25726
1057,25726
1058,25726
1059,25726
1060,25726
1061,25726
1062,25726
1063,25726
1064,25726
1065,25726
1066,24382
1067,25726
1068,25678
1069,25726
1070,24670
1071,25726
1072,25726
1073,25726
1074,25726
1075,25726
1076,25726
1077,25726
1078,25678
1079,25726
1080,25678
1081,25726
1082,25726
1083,25726
1084,25726
1085,25726
1086,25726
1087,25726
1088,25726
1089,5328
1090,25678
1091,25726
1092,25726
1093,25726
1094,25678
1095,25726
1096,25726
1097,25726
1098,25726
1099,25726
1100,25678
1101,25726
1102,25726
1103,1392
1104,22990
1105,25726
1106,17950
1107,25726
1108,25726
1109,25726
1110,25726
1111,25678
1112,25678
1113,25726
1114,17854
1115,25726
1116,24670
1117,25726
1118,25726
1119,25726
1120,25726
1121,25726
1122,25726
1123,25726
1124,25726
1125,24958
1126,25726
1127,25678
1128,25726
1129,24910
1130,25726
1131,18766
1132,25726
1133,25726
1134,25678
1135,3408
1136,25726
1137,25630
1138,25726
1139,25726
1140,25726
1141,25726
1142,25726
1143,25726
1144,25726
1145,25678
1146,25726
1147,25726
1148,25726
1149,25630
1150,24094
1151,24910
1152,25678
1153,25726
1154,25726
1155,25726
1156,25726
1157,25726
1158,2064
1159,25678
1160,25726
1161,25726
1162,25678
1163,25726
1164,25726
1165,25726
1166,25678
1167,25678
1168,25726
1169,25678
1170,25726
1171,25726
1172,25726
1173,10848
1174,25726
1175,25726
1176,25630
1177,25726
1178,25726
1179,25678
1180,25726
1181,25678
1182,25726
1183,25726
1184,25726
1185,25726
1186,25678
1187,24286
1188,25726
1189,25678
1190,18958
1191,25726
1192,25630
1193,720
1194,23806
1195,25726
1196,25726
1197,25726
1198,25726
1199,25726
1200,25726
1201,25726
1202,25726
1203,25726
1204,25726
1205,25678
1206,18862
1207,25678
1208,25630
1209,23278
1210,25726
1211,15454
1212,25726
1213,25678
1214,25726
1215,25726
1216,25678
1217,25726
1218,25726
1219,25726
1220,25726
1221,25630
1222,25726
1223,25726
1224,25726
1225,25726
1226,25678
1227,25726
1228,25726
1229,25726
1230,25726
1231,25726
1232,25726
1233,25726
1234,25726
1235,25726
1236,25726
1237,2496
1238,25630
1239,25726
1240,25678
1241,25726
1242,25678
1243,25678
1244,25678
1245,3408
1246,25678
1247,25726
1248,25726
1249,25726
1250,25678
1251,25678
1252,22654
1253,3646
1254,25726
1255,25726
1256,816
1257,25726
1258,25726
1259,25726
1260,25726
1261,21358
1262,25726
1263,25726
1264,25726
1265,25726
1266,25678
1267,25678
1268,25678
1269,25726
1270,25726
1271,25726
1272,12576
1273,25726
1274,25726
1275,24478
1276,25726
1277,25726
1278,25726
1279,25678
1280,25726
1281,25726
1282,1296
1283,25726
1284,25726
1285,25726
1286,25726
1287,25678
1288,25726
1289,18862
1290,25726
1291,25678
1292,25726
1293,25726
1294,25678
1295,25678
1296,25726
1297,25726
1298,24142
1299,25726
1300,25726
1301,25726
1302,25726
1303,25726
1304,25726
1305,25726
1306,23808
1307,25726
1308,19486
1309,25726
1310,13582
1311,25678
1312,25726
1313,8880
1314,25678
1315,25726
1316,25726
1317,25726
1318,25726
1319,25726
1320,13582
1321,25726
1322,25726
1323,25678
1324,25726
1325,25678
1326,25678
1327,25726
1328,25726
1329,25726
1330,25726
1331,25726
1332,25726
1333,25726
1334,25726
1335,24670
1336,25726
1337,25726
1338,25726
1339,25726
1340,25678
1341,25726
1342,25726
1343,25726
1344,25630
1345,25726
1346,25726
1347,25726
1348,25678
1349,25726
1350,25726
1351,25678
1352,24286
1353,25726
1354,25678
1355,25630
1356,25726
1357,14926
1358,144
1359,25726
1360,25726
1361,25726
1362,25726
1363,25726
1364,25726
1365,25726
1366,25726
1367,25726
1368,25678
1369,25726
1370,25726
1371,25726
1372,25726
1373,25726
1374,25726
1375,25726
1376,25726
1377,25678
1378,25726
1379,25678
1380,25726
1381,25726
1382,25726
1383,25678
1384,25678
1385,25726
1386,25726
1387,25726
1388,25726
1389,25726
1390,25726
1391,25726
1392,3984
1393,25726
1394,25678
1395,25678
1396,48
1397,25630
1398,25726
1399,25678
1400,25726
1401,25726
1402,25726
1403,25678
1404,25726
1405,25726
1406,25726
1407,25726
1408,23950
1409,25678
1410,25726
1411,25726
1412,25726
1413,25726
1414,25726
1415,25726
1416,25726
1417,25726
1418,25726
1419,12048
1420,25678
1421,25726
1422,20926
1423,25726
1424,25678
1425,25726
1426,25726
1427,25726
1428,25726
1429,25726
1430,25726
1431,25726
1432,25726
1433,25678
1434,17518
1435,25726
1436,25678
1437,25678
1438,25726
1439,25726
1440,25726
1441,25726
1442,22894
1443,25726
1444,25726
1445,25678
1446,25726
1447,25726
1448,25678
1449,3984
1450,25726
1451,25678
1452,25726
1453,25726
1454,25726
1455,25678
1456,25726
1457,25726
1458,25726
1459,25726
1460,25678
1461,25726
1462,25726
1463,25726
1464,25726
1465,25726
1466,25678
1467,14254
1468,25726
1469,25726
1470,18622
1471,25726
1472,25726
1473,25726
1474,25726
1475,25726
1476,25726
1477,25726
1478,25726
1479,25726
1480,25726
1481,25726
1482,25726
1483,25678
1484,25726
1485,25726
1486,25678
1487,25726
1488,25726
1489,144
1490,16894
1491,25726
1492,25726
1493,25726
1494,25726
1495,25726
1496,25726
1497,25726
1498,25726
1499,25726
1500,25678
1501,25678
1502,25726
1503,25726
1504,20926
1505,25630
1506,25678
1507,25726
1508,25198
1509,5088
1510,25726
1511,25678
1512,25678
1513,19870
1514,25726
1515,25726
1516,25726
1517,25726
1518,25726
1519,19822
1520,25726
1521,25726
1522,25726
1523,25726
1524,25726
1525,25726
1526,25726
1527,25726
1528,25726
1529,25726
1530,25726
1531,25726
1532,25726
1533,25726
1534,25726
1535,25726
1536,25630
1537,25726
1538,23134
1539,25726
1540,25726
1541,25726
1542,25726
1543,25678
1544,21886
1545,25726
1546,25726
1547,25678
1548,25726
1549,25726
1550,25726
1551,25726
1552,15406
1553,25678
1554,25726
1555,25726
1556,25726
1557,25726
1558,25726
1559,25726
1560,25726
1561,25726
1562,25726
1563,25726
1564,25630
1565,25726
1566,25726
1567,25726
1568,15406
1569,25726
1570,22942
1571,25678
1572,16798
1573,25726
1574,23518
1575,25726
1576,25726
1577,25726
1578,25678
1579,2784
1580,25726
1581,25726
1582,25678
1583,25726
1584,25726
1585,25726
1586,25726
1587,25726
1588,25678
1589,48
1590,25726
1591,25726
1592,25726
1593,25726
1594,25726
1595,24574
1596,25726
1597,24190
1598,25726
1599,25726
1600,25726
1601,6336
1602,25678
1603,25726
1604,25678
1605,11904
1606,25726
1607,25726
1608,25726
1609,25726
1610,25726
1611,25726
1612,25726
1613,25726
1614,25726
1615,25726
1616,25678
1617,25726
1618,25726
1619,25726
1620,16654
1621,4032
1622,25726
1623,25678
1624,25726
1625,25726
1626,25726
1627,25726
1628,25726
1629,25726
1630,25726
1631,25726
1632,25726
1633,25726
1634,25726
1635,25726
1636,25726
1637,25726
1638,25726
1639,25726
1640,25678
1641,25678
1642,25726
1643,25726
1644,25678
1645,25726
1646,25726
1647,25726
1648,25726
1649,25726
1650,25678
1651,25726
1652,25726
1653,25726
1654,25726
1655,25726
1656,25726
1657,25726
1658,25726
1659,25726
1660,25726
1661,25726
1662,10368
1663,25678
1664,25726
1665,25678
1666,25678
1667,25726
1668,25726
1669,25726
1670,25726
1671,25678
1672,25726
1673,25726
1674,25726
1675,25678
1676,25726
1677,25678
1678,24958
1679,25726
1680,25726
1681,25726
1682,25726
1683,25726
1684,25726
1685,25678
1686,25726
1687,25726
1688,25726
1689,25726
1690,25726
1691,25726
1692,25726
1693,25726
1694,25726
1695,25726
1696,9264
1697,25726
1698,25726
1699,25678
1700,25726
1701,25726
1702,25726
1703,11904
1704,25726
1705,13390
1706,25726
1707,25630
1708,25726
1709,25726
1710,25726
1711,25726
1712,25678
1713,25726
1714,10272
1715,25726
1716,25678
1717,25726
1718,25726
1719,25726
1720,25726
1721,25630
1722,25726
1723,25630
1724,25726
1725,25726
1726,25726
1727,25726
1728,25726
1729,25726
1730,25726
1731,25726
1732,25726
1733,25678
1734,25726
1735,25678
1736,25726
1737,25726
1738,10416
1739,6480
1740,25726
1741,25726
1742,25726
1743,25726
1744,25726
1745,25726
1746,25726
1747,25726
1748,25726
1749,25726
1750,25726
1751,25726
1752,25726
1753,25726
1754,25726
1755,25678
1756,25726
1757,25726
1758,25726
1759,24238
1760,25726
1761,25726
1762,25726
1763,25726
1764,25726
1765,25678
1766,25726
1767,25726
1768,25726
1769,25726
1770,25726
1771,12766
1772,24670
1773,25726
1774,25678
1775,25678
1776,25726
1777,25726
1778,25678
1779,25726
1780,25726
1781,25726
1782,25726
1783,25726
1784,25726
1785,10752
1786,25726
1787,25726
1788,25726
1789,25678
1790,25726
1791,25726
1792,13728
1793,25726
1794,25726
1795,25726
1796,25630
1797,25726
1798,25726
1799,25678
1800,25726
1801,25678
1802,25726
1803,25726
1804,25726
1805,480
1806,25726
1807,25726
1808,25726
1809,25726
1810,25726
1811,25726
1812,25726
1813,14254
1814,25726
1815,25726
1816,25726
1817,25726
1818,25726
1819,25726
1820,25726
1821,25726
1822,25678
1823,25726
1824,25678
1825,14734
1826,18814
1827,25726
1828,25678
1829,25726
1830,25726
1831,25726
1832,25726
1833,25726
1834,25726
1835,25726
1836,25726
1837,25726
1838,25630
1839,25726
1840,25726
1841,15166
1842,25678
1843,25726
1844,25726
1845,25726
1846,25726
1847,25726
1848,25726
1849,15550
1850,25726
1851,25726
1852,25678
1853,25726
1854,25726
1855,25726
1856,24478
1857,25678
1858,25678
1859,25726
1860,25726
1861,25726
1862,25726
1863,25726
1864,25630
1865,25726
1866,18766
1867,25726
1868,24478
1869,25630
1870,25726
1871,25726
1872,25726
1873,25678
1874,25726
1875,25726
1876,25678
1877,25726
1878,25726
1879,25726
1880,25726
1881,25726
1882,25678
1883,25726
1884,25726
1885,25726
1886,25726
1887,25726
1888,25726
1889,25678
1890,25726
1891,25726
1892,25726
1893,25726
1894,25726
1895,25726
1896,25726
1897,25342
1898,25726
1899,23230
1900,25726
1901,816
1902,25726
1903,25678
1904,25726
1905,25726
1906,25678
1907,25726
1908,20206
1909,25726
1910,25726
1911,19534
1912,25726
1913,13918
1914,25726
1915,16606
1916,25726
1917,25726
1918,25726
1919,25726
1920,25678
1921,25726
1922,25726
1923,25726
1924,20974
1925,25726
1926,25726
1927,25726
1928,25678
1929,25726
1930,25678
1931,25726
1932,25726
1933,25726
1934,25726
1935,25726
1936,25678
1937,1104
1938,25726
1939,25726
1940,25678
1941,25726
1942,25726
1943,25726
1944,25630
1945,25630
1946,25726
1947,25678
1948,25726
1949,25726
1950,25726
1951,25726
1952,25678
1953,25726
1954,25678
1955,25726
1956,12526
1957,3456
1958,15550
1959,25726
1960,4512
1961,25726
1962,25726
1963,25678
1964,25726
1965,25726
1966,25726
1967,25726
1968,25726
1969,25726
1970,25726
1971,25678
1972,25726
1973,25678
1974,25678
1975,25678
1976,25726
1977,25726
1978,25678
1979,25678
1980,25726
1981,25726
1982,25726
1983,25726
1984,25726
1985,25678
1986,25726
1987,25726
1988,25726
1989,25726
1990,25726
1991,25726
1992,25726
1993,25726
1994,25726
1995,25726
1996,25726
1997,25726
1998,25726
1999,24574
2000,25726
2001,25726
2002,25726
2003,25678
2004,25726
2005,25726
2006,25726
2007,25726
2008,25726
2009,25726
2010,25726
2011,25726
2012,25678
2013,25726
2014,17278
2015,25726
2016,24382
2017,25726
2018,25726
2019,25726
2020,25678
2021,25678
2022,25726
2023,25726
2024,25726
2025,25726
2026,25630
2027,25726
2028,25726
2029,25726
2030,25678
2031,25678
2032,25726
2033,25678
2034,25726
2035,25726
2036,25726
2037,25726
2038,25726
2039,25726
2040,25678
2041,25726
2042,25726
2043,25678
2044,25678
2045,25726
2046,25726
2047,25726
2048,25726
2049,25726
2050,25678
2051,25678
2052,25726
2053,25726
2054,25726
2055,25726
2056,25726
2057,25726
2058,25726
2059,25726
2060,25678
2061,25678
2062,25726
2063,15838
2064,25726
2065,25726
2066,6000
2067,25726
2068,23950
2069,25726
2070,25726
2071,25726
2072,25726
2073,25726
2074,25726
2075,25726
2076,25726
2077,25678
2078,25726
2079,25726
2080,25726
2081,25726
2082,25726
2084,25726
2085,25726
2086,25726
2087,25726
2088,25678
2089,3312
2090,25726
2091,25678
2092,25726
2093,25726
2094,25726
2095,25678
2096,25726
2097,25630
2098,25726
2099,25726
2100,25582
2101,12814
2102,25726
2103,25726
2104,25726
2105,25726
2106,25726
2107,25630
2108,25726
2109,25726
2110,25726
2111,25726
2112,25726
2113,25726
2114,25726
2115,25726
2116,25726
2117,25726
2118,25726
2119,25726
2120,24958
2121,25726
2122,5712
2123,25726
2124,25726
2125,25726
2126,25726
2127,25726
2128,1968
2129,25726
2130,25726
2131,25726
2132,17614
2133,25726
2134,13486
2135,25726
2136,9264
2137,1296
2138,25726
2139,25390
2140,25726
2141,25726
2142,25726
2143,25726
2144,25726
2145,24958
2146,25726
2147,25726
2148,25726
2149,25726
2150,22510
2151,25678
2152,25726
2153,25726
2154,25726
2155,48
2156,25726
2157,25678
2158,25726
2159,25726
2160,25726
2161,25726
2162,25678
2163,25726
2164,25726
2165,24766
2166,25726
2167,25726
2168,25726
2169,25726
2170,25726
2171,25726
2172,25726
2173,25726
2174,25726
2175,25726
2176,25678
2177,7536
2178,25726
2179,17950
2180,25678
2181,25726
2182,25726
2183,25726
2184,25726
2185,25726
2186,25726
2187,25726
2188,25726
2189,25726
2190,20206
2191,25726
2192,25726
2193,25726
2194,25726
2195,18958
2196,25726
2197,25726
2198,21646
2199,25678
2200,25726
2201,13534
2202,25726
2203,25726
2204,24862
2205,25726
2206,25726
2207,25726
2208,25726
2209,25726
2210,25678
2211,25678
2212,25342
2213,25726
2214,25678
2215,25726
2216,25726
2217,25726
2218,25726
2219,25726
2220,25726
2221,25726
2222,25726
2223,25678
2224,25726
2225,25726
2226,25726
2227,9744
2228,25726
2229,25726
2230,25726
2231,25726
2232,25726
2233,25726
2234,25678
2235,25726
2236,25726
2237,25726
2238,25726
2239,25726
2240,25726
2241,25726
2242,25726
2243,25726
2244,15118
2245,25726
2246,25726
2247,25726
2248,25726
2249,25726
2250,25726
2251,25630
2252,25726
2253,25726
2254,25726
2255,25726
2256,25726
2257,25678
2258,25726
2259,25726
2260,25726
2261,25726
2262,25726
2263,25678
2264,25726
2265,25726
2266,25726
2267,25726
2268,25726
2269,25678
2270,25726
2271,25726
2272,25726
2273,5328
2274,1680
2275,25726
2276,25726
2277,25726
2278,25678
2279,24814
2280,25726
2281,25726
2282,25726
2283,25726
2284,25726
2285,25726
2286,25726
2287,12478
2288,25678
2289,25726
2290,18910
2291,23470
2292,25726
2293,25678
2294,25726
2295,25726
2296,25726
2297,25678
2298,22894
2299,25726
2300,25726
2301,25726
2302,25726
2303,25726
2304,25726
2305,25678
2306,25678
2307,25726
2308,25726
2309,25726
2310,25726
2311,5950
2312,25726
2313,25726
2314,25726
2315,25726
2316,25726
2317,25726
2318,25726
2319,25726
2320,25726
2321,25726
2322,17950
2323,25726
2324,25726
2325,12144
2326,48
2327,25726
2328,25726
2329,25726
2330,25678
2331,25726
2332,25726
2333,25726
2334,25726
2335,25726
2336,25678
2337,25726
2338,25726
2339,10080
2340,24958
2341,25726
2342,25678
2343,25678
2344,25726
2345,25726
2346,25726
2347,25726
2348,25726
2349,25726
2350,25726
2351,25726
2352,25678
2353,25726
2354,25726
2355,25726
2356,25726
2357,25726
2358,25726
2359,25726
2360,25726
2361,17278
2362,11760
2363,25726
2364,21118
2365,20926
2366,25678
2367,25726
2368,2832
2369,25726
2370,25726
2371,25726
2372,25726
2373,25726
2374,25678
2375,25726
2376,25726
2377,25726
2378,14926
2379,25726
2380,25726
2381,25678
2382,25678
2383,25678
2384,25678
2385,17854
2386,25630
2387,25726
2388,25726
2389,25678
2390,25726
2391,25678
2392,25726
2393,25678
2394,25726
2395,25726
2396,25726
2397,25726
2398,25726
2399,20878
2400,25726
2401,25678
2402,25726
2403,25726
2404,25726
2405,25726
2406,25726
2407,25726
2408,25726
2409,25726
2410,25678
2411,25678
2412,25726
2413,25726
2414,25726
2415,25726
2416,25726
2417,25726
2418,25726
2419,12240
2420,25726
2421,23230
2422,25726
2423,25726
2424,25726
2425,192
2426,25726
2427,24670
2428,25726
2429,25726
2430,25726
2431,25726
2432,25726
2433,25726
2434,25726
2435,22606
2436,25726
2437,25726
2438,25726
2439,25342
2440,25726
2441,25726
2442,25726
2443,25726
2444,25726
2445,19294
2446,25726
2447,25678
2448,25726
2449,25726
2450,25726
2451,23854
2452,25726
2453,25726
2454,16606
2455,25726
2456,25726
2457,25726
2458,25726
2459,24910
2460,24142
2461,25678
2462,25726
2463,25726
2464,25678
2465,25678
2466,25726
2467,25726
2468,25726
2469,25726
2470,25678
2471,25678
2472,25630
2473,25726
2474,25726
2475,25726
2476,25726
2477,25726
2478,25678
2479,25726
2480,25678
2481,25726
2482,25726
2483,18094
2484,20974
2485,25726
2486,25678
2487,25726
2488,25726
2489,25678
2490,25726
2491,25726
2492,25726
2493,25678
2494,25678
2495,25726
2496,25678
2497,25726
2498,25678
2499,25726
2500,5856
2501,25726
2502,25726
2503,25678
2504,25678
2505,23662
2506,25726
2507,25726
2508,25726
2509,25726
2510,25726
2511,25726
2512,25726
2513,25726
2514,25726
2515,25630
2516,25726
2517,432
2518,25726
2519,25726
2520,25726
2521,25726
2522,25726
2523,25726
2524,25726
2525,25726
2526,25726
2527,25726
2528,25726
2529,25726
2530,25726
2531,25726
2532,25726
2533,25726
2534,25726
2535,22174
2536,25726
2537,25726
2538,1680
2539,25726
2540,25726
2541,25726
2542,25726
2543,25726
2544,25726
2545,25726
2546,25726
2547,25726
2548,25726
2549,25726
2550,25726
2551,25726
2552,25726
2553,25726
2554,25726
2555,25678
2556,25726
2557,23758
2558,4464
2559,25726
2560,25726
2561,25726
2562,25726
2563,19870
2564,25726
2565,25726
2566,25726
2567,25726
2568,25726
2569,1488
2570,25726
2571,25726
2572,25678
2573,10416
2574,25726
2575,25726
2576,25726
2577,25726
2578,25678
2579,25726
2580,24526
2581,25726
2582,25726
2583,25726
2584,25726
2585,25678
2586,25726
2587,25678
2588,25726
2589,25726
2590,25726
2591,25678
2592,25726
2593,25726
2594,25726
2595,25726
2596,24910
2597,25678
2598,25726
2599,25726
2600,25726
2601,25726
2602,25678
2603,25726
2604,25726
2605,25678
2606,25726
2607,25726
2608,25726
2609,25726
2610,25726
2611,25678
2612,25726
2613,25726
2614,22126
2615,18766
2616,25726
2617,25726
2618,24862
2619,25726
2620,25726
2621,25726
2622,25726
2623,25726
2624,25726
2625,25726
2626,23614
2627,25726
2628,25726
2629,25726
2630,25726
2631,25726
2632,25726
2633,20590
2634,25726
2635,25726
2636,25726
2637,25726
2638,25726
2639,25726
2640,25726
2641,25678
2642,48
2643,25726
2644,25726
2645,25006
2646,25678
2647,25726
2648,25726
2649,25726
2650,25726
2651,19198
2652,25726
2653,25678
2654,25678
2655,25726
2656,25726
2657,24622
2658,25726
2659,432
2660,48
2661,25726
2662,25726
2663,25726
2664,25678
2665,25726
2666,25726
2667,25726
2668,25726
2669,25726
2670,25726
2671,25726
2672,25678
2673,19246
2674,25726
2675,25726
2676,25726
2677,18192
2678,25726
2679,25726
2680,25726
2681,25726
2682,25726
2683,25678
2684,25726
2685,25726
2686,25726
2687,25726
2688,25726
2689,25726
2690,25726
2692,22654
2693,20638
2694,25726
2695,25726
2696,25726
2697,25150
2698,25726
2699,25726
2700,25678
2701,25678
2702,25630
2703,20782
2704,25678
2705,25726
2706,25726
2707,25726
2708,25726
2709,25726
2710,25726
2711,25678
2712,25726
2713,25726
2714,25726
2715,25678
2716,25726
2717,25726
2718,25726
2719,25726
2720,21550
2721,25726
2722,25726
2723,25726
2724,25726
2725,25726
2726,5712
2727,25726
2728,25582
2729,25726
2730,25726
2731,24526
2732,25726
2733,25726
2734,25726
2735,25726
2736,25726
2737,25726
2738,25726
2739,25726
2740,25726
2741,24910
2742,25726
2743,25726
2744,25678
2745,25630
2746,25726
2747,25726
2748,25726
2749,25726
2750,3648
2751,25726
2752,25726
2753,25726
2754,25726
2755,22990
2756,25726
2757,25726
2758,25726
2759,25726
2760,25726
2761,25726
2762,23806
2763,25726
2764,25582
2765,25726
2766,480
2767,25678
2768,25726
2769,25726
2770,25726
2771,25726
2772,25726
2773,25726
2774,25726
2775,17902
2776,25726
2777,25726
2778,25726
2779,25726
2780,25726
2781,25726
2782,25726
2783,14542
2784,25726
2785,25726
2786,25726
2787,25726
2788,7056
2789,25726
2790,25726
2791,25726
2792,25726
2793,25726
2794,25726
2795,25726
2796,25726
2797,25726
2798,25678
2799,25726
2800,25726
2801,25726
2802,25678
2803,25726
2804,25678
2805,25726
2806,17854
2807,25726
2808,25726
2809,25678
2810,25726
2811,25726
2812,25726
2813,25726
2814,25726
2815,25678
2816,25726
2817,25726
2818,25678
2819,25678
2820,25726
2821,25726
2822,25678
2823,25726
2824,25726
2825,25726
2826,25726
2827,25726
2828,25726
2829,25726
2830,25726
2831,20544
2832,25726
2833,25678
2834,25726
2835,25678
2836,25726
2837,25678
2838,25726
2839,25726
2840,25726
2841,25726
2842,25678
2843,25726
2844,25726
2845,25678
2846,25726
2847,18190
2848,25726
2849,25726
2850,25726
2851,25726
2852,25726
2853,25726
2854,25726
2855,25726
2856,25726
2857,25726
2858,25726
2859,25726
2860,25678
2861,22558
2862,25630
2863,25726
2864,25726
2865,25678
2866,12096
2867,25726
2868,25726
2869,25726
2870,25678
2871,25726
2872,25678
2873,25726
2874,25726
2875,25726
2876,25726
2877,25726
2878,25726
2879,25630
2880,25726
2881,25726
2882,25726
2883,23134
2884,25726
2885,25726
2886,25726
2887,25726
2888,25726
2889,13918
2890,25726
2891,25726
2892,25726
2893,25726
2894,25678
2895,25726
2896,25726
2897,25726
2898,25726
2899,25726
2900,25726
2901,25726
2902,25726
2903,25678
2904,25726
2905,25726
2906,25726
2907,25726
2908,25630
2909,25726
2910,25726
2911,25678
2912,25726
2913,25726
2914,25726
2915,25726
2916,25726
2917,25726
2918,25726
2919,25726
2920,1776
2921,16414
2922,25726
2923,25726
2924,25726
2925,25726
2926,25726
2927,25678
2928,25678
2929,25726
2930,25726
2931,25726
2932,25726
2933,25726
2934,14110
2935,25726
2936,25726
2937,25678
2938,25726
2939,25726
2940,25726
2941,20158
2942,25726
2943,25726
2944,25726
2945,25726
2946,25678
2947,25678
2948,10224
2949,18142
2950,25726
2951,25726
2952,25726
2953,25726
2954,25726
2955,25726
2956,25726
2957,25726
2958,25678
2959,25678
2960,25726
2961,14830
2962,25678
2963,25726
2964,25726
2965,25726
2966,25678
2967,25726
2968,25726
2969,25726
2970,25726
2971,25726
2972,25678
2973,25726
2974,25678
2975,25678
2976,25678
2977,20638
2978,25726
2979,25726
2980,25726
2981,25678
2982,25534
2983,25726
2984,25726
2985,25726
2986,25678
2987,25726
2988,25726
2989,25726
2990,25678
2991,25726
2992,25726
2993,25726
2994,25726
2995,25726
2996,25726
2997,2784
2998,25582
2999,25726
3000,25726
3001,19582
3002,25726
3003,25726
3004,25726
3005,25678
3006,25678
3007,1584
3008,25726
3009,25726
3010,25726
3011,25726
3012,25726
3013,25726
3014,25678
3015,9552
3016,14206
3017,25678
3018,25726
3019,25726
3020,25726
3021,25726
3022,25726
3023,25726
3024,25726
3025,25726
3026,25678
3027,25630
3028,25726
3029,25726
3030,25726
3031,25726
3032,25726
3033,25678
3034,25726
3035,3792
3036,25726
3037,23470
3038,25678
3039,11568
3040,25726
3041,25726
3042,25726
3043,25726
3044,25726
3045,14110
3046,25726
3047,25726
3048,25726
3049,25726
3050,25726
3051,25726
3052,25726
3053,25678
3054,25726
3055,25726
3056,3072
3057,18094
3058,25726
3059,25726
3060,25678
3061,25726
3062,25726
3063,25726
3064,25678
3065,25726
3066,25726
3067,25726
3068,25726
3069,24574
3070,25726
3071,25678
3072,25726
3073,25726
3074,25726
3075,11568
3076,25726
3077,25726
3078,25726
3079,25726
3080,25726
3081,25726
3082,25726
3083,25726
3084,25678
3085,25678
3086,16894
3087,25678
3088,25726
3089,25726
3090,25678
3091,25726
3092,25678
3093,25630
3094,25726
3095,4752
3096,25726
3097,25726
3098,25726
3099,25678
3100,25678
3101,25726
3102,25726
3103,25726
3104,25726
3105,25726
3106,25726
3107,25678
3108,25726
3109,2736
3110,25726
3111,25726
3112,25726
3113,25726
3114,25726
3115,25726
3116,22798
3117,25726
3118,25726
3119,25726
3120,25726
3121,25726
3122,25726
3123,25678
3124,25726
3125,25678
3126,25726
3127,25726
3128,3792
3129,25726
3130,24910
3131,25678
3132,25726
3133,25726
3134,25726
3135,25726
3136,25726
3137,24910
3138,25726
3139,25726
3140,25726
3142,25726
3143,8352
3144,25678
3145,20638
3146,25726
3147,25726
3148,20638
3149,1440
3150,13054
3151,25678
3152,25726
3153,7872
3154,25726
3155,25678
3156,24286
3157,25726
3158,25726
3159,25726
3160,25726
3161,25726
3162,25726
3163,16510
3164,25726
3165,25726
3166,25726
3167,25726
3168,25726
3169,25678
3170,25726
3171,25726
3172,25726
3173,18574
3174,25726
3175,25726
3176,25726
3177,25726
3178,25726
3179,22510
3180,25726
3181,25726
3182,25726
3183,25726
3184,25726
3185,25726
3186,25726
3187,25678
3188,25726
3189,25678
3190,6384
3191,25726
3192,25726
3193,25726
3194,25726
3195,25726
3196,25726
3197,25726
3198,25726
3199,7440
3200,25678
3201,25726
3202,23854
3203,25726
3204,25630
3205,25726
3206,25726
3207,25726
3208,25678
3209,25726
3210,25726
3211,25726
3212,25678
3213,25726
3214,25726
3215,25726
3216,25726
3217,25726
3218,25678
3219,25726
3220,25726
3221,25726
3222,25726
3223,25726
3224,25726
3225,25726
3226,25726
3227,25726
3228,25726
3229,25726
3230,25726
3231,25726
3232,25678
3233,25726
3234,25726
3235,25726
3236,25726
3237,12766
3238,25726
3239,20206
3240,25726
3241,24526
3242,25726
3243,25726
3244,25678
3245,25726
3246,25726
3247,25726
3248,25678
3249,25726
3250,24862
3251,25726
3252,25726
3253,25726
3254,528
3255,25726
3256,25726
3257,25630
3258,25726
3259,22654
3260,25726
3261,25726
3262,25726
3263,25726
3264,25678
3265,25726
3266,25678
3267,25678
3268,25726
3269,25726
3270,25726
3271,25678
3272,25726
3273,25726
3274,25726
3275,25726
3276,25630
3277,25726
3278,25726
3279,25726
3280,25678
3281,25726
3282,25678
3283,25726
3284,25678
3285,25726
3286,25726
3287,25726
3288,9840
3289,25726
3290,25726
3291,25726
3292,3408
3293,25726
3294,25726
3295,25678
3296,25726
3297,768
3298,21790
3299,25678
3300,25726
3301,25726
3302,25726
3303,25726
3304,1968
3305,25726
3306,25726
3307,25726
3308,25678
3309,25678
3310,25726
3311,25726
3312,21262
3313,20494
3314,25726
3315,25726
3316,25726
3317,25726
3318,15886
3319,25726
3320,14686
3321,25678
3322,25678
3323,25726
3324,25726
3325,19006
3326,25726
3327,25726
3328,25726
3329,22846
3330,25726
3331,20830
3332,25726
3333,25678
3334,25726
3335,25726
3336,25726
3337,25726
3338,25726
3339,25630
3340,16078
3341,25678
3342,25726
3343,25726
3344,25726
3345,25678
3346,25726
3347,11712
3349,25726
3350,25102
3351,10224
3352,25726
3353,25678
3354,25726
3355,25726
3356,10368
3357,25726
3358,25726
3359,25726
3360,25726
3361,25726
3362,25726
3363,25678
3364,25726
3365,25726
3366,25678
3367,25726
3368,25678
3369,25726
3370,11136
3371,25678
3372,25726
3373,25726
3374,25678
3375,25726
3376,25678
3377,25726
3378,25726
3379,25678
3380,25726
3381,24238
3382,25726
3383,25726
3384,25726
3385,25726
3386,25726
3387,25726
3388,25726
3389,25726
3390,25726
3391,25726
3392,25726
3393,25726
3394,25726
3395,25678
3396,25726
3397,25726
3398,25726
3399,25726
3400,25678
3401,25678
3402,25726
3403,25726
3404,25726
3405,25726
3406,25678
3407,25726
3408,25726
3409,1392
3410,25630
3411,25726
3412,25726
3413,25726
3414,25726
3415,25726
3416,25726
3417,25726
3418,25726
3419,25726
3420,25726
3421,25726
3422,25726
3423,25726
3424,25726
3425,19294
3426,19774
3427,25726
3428,25726
3429,25726
3430,25726
3431,25726
3432,25726
3433,25630
3434,25726
3435,25678
3436,25678
3437,25678
3438,25726
3439,25726
3440,25726
3441,25678
3442,25678
3443,25726
3444,25726
3445,25726
3446,25726
3447,25726
3448,25726
3449,25726
3450,24862
3451,25678
3452,25726
3453,25726
3454,25726
3455,25726
3456,25726
3457,24478
3458,25726
3459,25726
3460,20446
3461,25726
3462,25726
3463,25678
3464,25678
3465,25726
3466,25726
3467,25630
3468,25726
3469,25726
3470,25726
3471,25726
3472,25678
3473,25678
3474,25726
3475,17806
3476,25726
3477,25726
3478,25678
3479,25726
3480,24910
3481,25678
3482,25726
3483,25726
3484,25726
3485,25678
3486,25726
3487,25726
3488,25726
3489,25726
3490,25726
3491,25726
3492,25726
3493,25726
3494,25726
3495,25726
3496,25726
3497,25726
3498,25726
3499,25726
3500,25726
3501,2736
3502,25678
3503,25726
3504,25726
3505,25726
3506,25726
3507,25726
3508,25726
3509,25726
3510,25726
3511,25726
3512,16942
3513,25726
3514,25726
3515,25726
3516,25726
3517,25678
3518,25726
3519,25726
3520,25726
3521,25678
3522,25678
3523,25726
3524,4752
3525,25726
3526,25726
3527,25726
3528,25726
3529,25726
3530,25726
3531,25726
3532,25726
3533,25678
3534,25726
3535,25726
3536,25726
3537,25726
3538,25726
3539,25726
3540,25678
3541,25726
3542,25678
3543,25726
3544,25726
3545,25726
3546,25726
3547,25726
3548,25726
3549,19486
3550,25726
3551,25726
3552,4704
3553,25678
3554,25726
3555,25726
3556,25726
3557,25630
3558,25726
3559,25726
3560,25678
3561,25678
3562,25726
3563,25726
3564,24958
3565,19104
3566,25726
3567,25726
3568,14110
3569,25678
3570,25726
3571,21454
3572,25726
3573,25726
3574,25726
3575,15454
3576,25726
3577,25726
3578,25630
3579,25726
3580,25726
3581,25678
3582,25726
3583,25726
3584,25678
3585,25726
3586,25726
3587,25726
3588,25678
3589,25726
3590,25726
3591,25726
3592,25726
3593,25726
3594,25726
3595,25726
3596,25678
3597,25726
3598,25678
3599,25726
3600,25726
3601,18622
3602,16942
3603,25726
3604,25726
3605,25726
3606,25726
3607,25726
3608,25726
3609,25726
3610,25726
3611,25726
3612,25726
3613,25678
3614,25726
3615,25726
3616,25726
3617,25726
3618,25726
3619,25726
3620,25726
3621,25726
3622,23134
3623,5088
3624,23950
3625,25726
3626,25726
3627,25726
3628,25726
3629,25726
3630,25630
3631,24238
3632,25726
3633,25726
3634,25726
3635,25678
3636,25726
3637,25726
3638,25726
3639,25726
3640,25726
3641,25726
3642,25726
3643,25726
3644,10704
3645,24814
3646,5712
3647,25726
3648,25726
3649,25726
3650,25726
3651,18814
3652,25726
3653,25678
3654,25726
3655,25726
3656,25726
3657,25726
3658,25726
3659,25726
3660,25726
3661,25726
3662,25726
3663,25726
3664,25678
3665,25726
3666,25678
3667,25726
3668,25726
3669,6768
3670,25726
3671,24958
3672,25726
3673,25726
3674,25726
3675,25726
3676,25726
3677,25678
3678,25726
3679,20590
3680,25726
3681,25726
3682,25726
3683,25726
3684,25726
3685,24910
3686,25726
3687,25678
3688,5328
3689,25726
3690,25726
3691,24862
3692,25726
3693,25726
3694,25726
3695,25726
3696,25678
3697,25678
3698,25726
3699,25726
3700,25726
3701,25726
3702,25726
3703,25678
3704,25678
3705,25726
3706,25726
3707,17086
3708,25726
3709,25678
3710,25726
3711,25678
3712,25630
3713,25726
3714,16606
3715,25726
3716,25726
3717,25678
3718,25726
3719,672
3720,25726
3721,22222
3722,25678
3723,25678
3724,25726
3725,25726
3726,25726
3727,25726
3728,25726
3729,25726
3730,25630
3731,25726
3732,25726
3733,24670
3734,25726
3735,15454
3736,25726
3737,25726
3738,25726
3739,25726
3740,25726
3741,25726
3742,25726
3743,25678
3744,25726
3745,25726
3746,25726
3747,25726
3748,25726
3749,25726
3750,25726
3751,25726
3752,25726
3753,25678
3754,25726
3755,25726
3756,25726
3757,25726
3758,25726
3759,25678
3760,25726
3761,25726
3762,25726
3763,24910
3764,25678
3765,25678
3766,25726
3767,25726
3768,25726
3769,25726
3770,25726
3771,25726
3772,13390
3773,25678
3774,25726
3775,25726
3776,25726
3777,25726
3778,25726
3779,384
3780,25726
3781,25726
3782,25726
3783,25726
3784,25726
3785,25726
3786,25678
3787,25726
3788,25726
3789,25726
3790,25726
3791,25678
3792,24238
3793,25726
3794,25726
3795,25726
3796,25726
3797,25726
3798,24958
3799,25726
3800,17278
3801,25726
3802,25726
3803,25726
3804,13486
3805,25726
3806,25726
3807,25726
3808,25726
3809,25726
3810,25726
3811,19870
3812,25726
3813,25678
3814,25726
3815,8112
3816,25726
3817,18094
3818,25726
3819,25726
3820,25726
3821,25726
3822,25726
3823,25726
3824,21310
3825,25678
3826,25726
3827,25726
3828,25726
3829,25726
3830,25678
3831,25726
3832,25726
3833,25726
3834,25726
3835,23470
3836,25678
3837,25726
3838,25726
3839,25726
3840,25678
3841,25726
3842,24238
3843,25726
3844,25726
3845,25678
3846,25726
3847,24862
3848,25630
3849,25726
3850,25726
3851,22270
3852,25726
3853,25726
3854,25726
3855,25678
3856,25726
3857,25726
3858,25726
3859,25726
3860,25726
3861,22126
3862,25726
3863,25726
3864,6384
3865,25726
3866,25726
3867,25726
3868,25726
3869,25726
3870,25726
3871,25726
3872,1824
3873,25726
3874,25726
3875,25726
3876,25726
3877,15502
3878,25726
3879,25678
3880,25726
3881,25726
3882,25726
3883,25678
3884,25726
3885,25726
3886,10032
3887,25726
3888,25678
3889,25726
3890,25630
3891,25726
3892,25726
3893,19486
3894,25726
3895,25726
3896,25678
3897,25726
3898,16222
3899,25726
3900,25726
3901,25678
3902,25726
3903,25726
3904,25726
3905,25678
3906,25678
3907,25342
3908,25726
3909,25726
3910,25726
3911,25726
3912,25726
3913,25726
3914,25678
3915,25678
3916,25726
3917,25678
3918,25726
3919,25678
3920,25726
3921,25726
3922,25726
3923,25726
3924,25726
3925,25726
3926,25726
3927,25726
3928,25678
3929,25726
3930,25726
3931,25726
3932,25726
3933,25726
3934,25726
3935,25726
3936,22800
3937,25678
3938,25726
3939,22270
3940,25726
3941,25726
3942,25726
3943,25726
3944,25198
3945,25726
3946,25726
3947,25726
3948,25726
3949,14926
3950,25726
3951,25726
3952,25726
3953,25678
3954,25726
3955,25630
3956,25726
3957,25726
3958,14590
3959,25726
3960,25726
3961,25726
3962,25678
3963,25678
3964,25726
3965,25726
3966,25726
3967,25726
3968,25630
3969,25726
3970,25726
3971,25726
3972,25726
3973,25726
3974,25726
3975,12432
3976,25726
3977,2832
3978,25726
3979,25726
3980,3312
3981,25726
3982,25726
3983,25726
3984,25630
3985,25726
3986,25726
3987,25726
3988,25678
3989,25726
3990,25726
3991,25678
3992,25726
3993,20446
3994,25678
3995,25726
3996,25726
3997,25726
3998,25678
3999,25006
4000,25678
4001,25630
4002,25726
4003,25726
4004,25726
4005,25726
4006,25726
4007,25582
4008,24862
4009,25678
4010,25678
4011,25726
4012,25726
4013,25726
4014,25726
4015,25726
4016,25726
4017,25726
4018,25726
4019,25726
4020,25678
4021,25726
4022,25726
4023,25726
4024,25726
4025,25726
4026,25726
4027,25726
4028,25726
4029,25678
4030,25678
4031,25726
4032,25726
4033,25726
4034,25726
4035,25726
4036,11184
4037,25726
4038,25726
4039,25726
4040,25726
4041,25726
4042,25678
4043,5904
4044,4368
4045,25726
4046,25726
4047,4416
4048,25678
4049,25726
4050,25726
4051,25726
4052,25726
4053,25726
4054,25630
4055,25726
4056,25726
4057,25678
4058,25678
4059,25726
4060,25726
4061,25678
4062,7344
4063,25678
4064,21598
4065,25726
4066,20878
4067,25726
4068,25678
4069,25726
4070,25726
4071,9888
4072,25726
4073,25630
4074,25726
4075,25678
4076,25726
4077,25726
4078,25726
4079,25726
4080,25726
4081,25726
4082,25726
4083,25726
4084,25726
4085,25726
4086,25726
4087,25726
4088,25726
4089,25678
4090,25726
4091,25678
4092,25726
4093,25726
4094,25726
4095,25726
4097,25726
4098,25726
4099,25726
4100,25726
4101,25678
4102,25726
4103,25726
4104,25678
4105,25678
4106,25678
4107,25726
4108,23422
4109,25726
4110,24862
4111,25726
4112,25678
4114,25726
4115,25726
4116,25726
4117,25726
4118,23278
4119,22318
4120,25726
4121,25726
4122,25678
4123,25678
4124,25726
4125,25726
4126,25726
4127,25678
4128,25726
4129,25726
4130,25678
4131,25726
4132,25630
4133,25726
4134,25678
4135,25726
4136,25726
4137,25630
4138,25678
4139,25726
4140,25678
4141,25726
4142,25726
4143,25678
4144,25726
4145,25726
4146,25726
4147,25726
4148,25726
4149,25726
4150,25726
4151,25678
4152,25678
4153,25726
4154,7152
4155,25726
4156,25678
4157,25726
4158,25678
4159,25678
4160,25726
4161,25678
4162,23422
4163,25726
4164,25726
4165,25726
4166,25726
4167,25726
4168,20256
4169,25726
4170,25726
4171,25678
4172,25726
4173,25726
4174,25726
4175,25726
4176,25726
4177,25726
4178,25726
4179,25726
4180,25726
4181,25726
4182,25726
4183,25726
4184,25726
4185,25726
4186,25726
4187,25726
4188,25726
4189,25726
4190,25726
4191,25726
4192,25726
4193,25726
4194,25726
4195,25678
4196,25678
4197,25726
4198,25726
4199,25726
4200,25726
4201,25726
4202,25726
4203,25726
4204,25678
4205,25726
4206,9120
4207,24670
4208,5088
4209,25726
4210,25726
4211,25726
4212,25726
4213,25726
4214,25726
4215,25726
4216,17422
4217,25726
4218,25726
4219,25726
4220,21598
4221,25726
4222,25726
4223,25726
4224,25678
4225,25726
4226,25726
4227,25678
4228,5520
4229,25726
4230,25726
4231,25726
4232,25726
4233,25726
4234,25726
4235,25726
4236,25726
4237,25678
4238,22510
4239,25726
4240,25198
4241,25726
4242,25726
4243,25726
4244,25726
4245,25726
4246,25726
4247,25726
4248,25726
4249,25726
4250,24142
4251,25726
4252,25726
4253,25726
4254,25678
4255,25726
4256,25678
4257,25726
4258,25678
4259,25726
4260,9696
4261,25726
4262,25726
4263,25726
4264,25726
4265,25726
4266,25726
4267,25726
4268,25726
4269,25678
4270,25726
4271,25726
4272,25678
4273,25726
4274,25726
4275,25726
4276,25726
4277,25026
4278,25678
4279,25726
4280,25678
4281,25726
4282,25678
4283,25726
4284,25726
4285,25726
4286,25006
4287,25726
4288,25726
4289,25726
4290,25726
4291,25726
4292,16846
4293,25726
4294,25678
4295,25726
4296,25726
4297,25726
4298,25678
4299,25726
4300,25726
4301,25726
4302,25726
4303,25726
4304,24910
4305,25726
4306,25726
4307,25726
4308,25726
4309,25726
4310,25678
4311,25726
4312,25726
4313,25726
4314,25726
4315,25726
4316,25726
4317,25726
4318,25726
4319,25726
4320,3120
4321,25678
4322,25726
4323,25726
4324,25726
4325,25726
4326,25726
4327,25678
4328,4224
4329,25726
4330,25726
4331,25726
4332,25726
4333,25678
4334,25726
4335,25678
4336,25726
4337,2160
4338,25678
4339,25726
4340,25678
4341,25726
4342,25726
4343,25726
4344,25678
4345,25726
4346,25726
4347,25726
4348,25726
4349,25726
4350,25726
4351,25678
4352,25726
4353,25678
4354,25678
4355,22654
4356,25726
4357,24814
4358,25726
4359,25726
4360,25726
4361,25726
4362,3984
4363,25726
4364,25726
4365,25726
4366,25678
4367,25726
4368,24526
4369,25726
4370,6432
4371,24142
4372,25726
4373,25726
4374,25726
4375,25678
4376,17278
4377,25726
4378,25726
4379,25726
4380,25726
4381,25726
4382,25726
4383,25678
4384,25726
4385,25726
4386,25726
4387,25678
4388,25726
4389,25726
4390,25678
4391,25630
4392,25726
4393,25726
4394,25726
4395,25678
4396,25726
4397,25726
4398,25726
4399,25726
4400,25678
4401,25726
4402,25726
4403,25678
4404,25726
4405,25726
4406,24958
4407,25726
4408,25726
4409,25726
4410,25630
4411,25726
4412,25726
4413,25630
4414,25726
4415,25678
4416,25726
4417,25726
4418,24190
4419,25726
4420,25726
4421,25726
4422,25726
4423,25726
4424,25726
4425,25726
4426,25726
4427,9552
4428,25726
4429,25678
4430,25678
4431,25726
4432,13774
4433,25726
4434,25726
4435,384
4436,48
4437,25726
4438,25726
4439,23280
4440,25726
4441,25726
4442,25630
4443,25726
4444,2064
4445,25726
4446,25726
4448,25726
4449,25726
4450,25726
4451,25726
4452,25726
4453,25726
4454,25726
4455,25726
4456,25726
4457,25678
4458,25726
4459,25678
4460,25726
4461,25726
4462,25726
4463,25582
4464,25726
4465,25726
4466,25678
4467,24958
4468,8112
4469,25726
4470,25726
4471,25726
4472,25678
4473,25726
4474,25726
4475,25630
4476,25726
4477,25726
4478,22750
4479,25726
4480,25678
4481,25726
4482,25678
4483,25678
4484,25630
4485,25726
4486,25726
4487,25678
4488,25726
4489,25726
4490,25726
4491,25726
4492,25726
4493,25726
4494,25726
4495,25726
4496,25726
4497,25726
4498,25726
4499,25726
4500,25726
4501,25726
4502,25726
4503,25678
4504,25726
4505,25678
4506,25726
4507,25726
4508,25678
4509,25726
4510,25726
4511,25726
4512,25678
4513,25726
4514,25726
4515,25726
4516,25726
4517,25726
4518,25678
4519,25726
4520,25726
4521,25678
4522,25726
4523,25726
4524,25678
4525,25678
4526,25726
4527,25678
4528,25726
4529,24142
4530,25726
4531,25726
4532,25726
4533,25726
4534,25726
4535,25678
4536,25726
4537,15838
4538,13534
4539,25726
4540,25726
4541,25726
4542,25726
4543,25726
4544,25678
4545,25726
4546,25726
4547,25630
4548,25726
4549,25246
4550,25678
4551,25726
4552,25726
4553,9792
4554,8352
4555,25726
4556,25726
4557,25726
4558,25726
4559,25726
4560,25726
4561,25726
4562,25630
4563,25726
4564,25726
4565,25726
4566,11712
4567,25726
4568,25726
4569,20254
4570,25726
4571,25726
4572,25678
4573,25726
4574,25726
4575,25726
4576,25726
4577,25678
4578,25726
4579,25726
4580,25726
4581,25726
4582,25726
4583,25726
4584,25726
4585,25726
4586,25678
4587,24286
4588,25726
4589,25726
4590,25726
4591,25726
4592,25726
4593,25726
4594,25726
4595,25726
4596,25726
4597,25726
4598,16606
4599,25726
4600,25726
4601,25726
4602,10512
4603,25678
4604,25726
4605,23854
4606,20398
4607,25678
4608,25726
4609,25726
4610,25678
4611,25726
4612,25726
4613,25726
4614,25678
4615,25678
4616,25726
4617,25678
4618,25630
4619,25726
4620,25726
4621,25726
4622,25678
4623,25726
4624,25726
4625,25726
4626,25726
4627,25726
4628,25726
4629,25726
4630,22510
4631,18862
4632,25726
4633,25630
4634,25678
4635,25678
4636,25726
4637,25678
4638,25726
4639,25678
4640,25726
4641,25726
4642,25726
4643,25726
4644,25726
4645,25726
4646,25726
4647,336
4648,25678
4649,25726
4650,25678
4651,25726
4652,25726
4653,25726
4654,25726
4655,25678
4656,25678
4657,25726
4658,25726
4659,4464
4660,25726
4661,25726
4662,25726
4663,25726
4664,25726
4665,25726
4666,25726
4667,25678
4668,25678
4669,25726
4670,25726
4671,25726
4672,25726
4673,25726
4674,25726
4675,25726
4676,25726
4677,25726
4678,25726
4679,25678
4680,25726
4681,19150
4682,25726
4683,25726
4684,25726
4685,25678
4686,25726
4687,6720
4688,25726
4689,25726
4690,25726
4691,25726
4692,24574
4693,25726
4694,25630
4695,25726
4696,25726
4697,25726
4698,25726
4699,25726
4700,25726
4701,25726
4702,25726
4703,25726
4704,25678
4705,25726
4706,25726
4707,25726
4708,25726
4709,25726
4710,25726
4711,25726
4712,25726
4713,25726
4714,25726
4715,25726
4716,25678
4717,25726
4718,25726
4719,24622
4720,25726
4721,25726
4722,25678
4723,25726
4724,25726
4725,25726
4726,25726
4727,25726
4728,7008
4729,672
4730,25726
4731,25678
4732,25726
4733,25678
4734,25726
4735,25726
4736,25678
4737,25678
4738,25726
4739,15216
4740,25726
4741,25678
4742,25726
4743,25726
4744,25726
4745,25726
4746,25726
4747,25726
4748,25726
4749,25726
4750,25678
4751,25726
4752,10656
4753,25726
4754,25726
4755,25726
4756,25678
4757,25726
4758,25726
4759,25726
4760,25630
4761,25726
4762,20926
4763,25726
4764,12048
4765,25678
4766,25726
4767,25726
4768,25678
4769,25726
4770,25726
4771,25678
4772,25726
4773,25726
4774,25726
4775,25678
4776,25726
4777,25726
4778,25726
4779,25726
4780,25726
4781,25726
4782,25726
4783,4464
4784,25726
4785,25726
4786,25630
4787,25726
4788,25726
4789,25726
4790,25726
4791,25726
4792,25726
4793,25726
4794,25678
4795,25726
4796,25726
4797,25678
4798,25678
4799,25726
4800,25726
4801,25726
4802,25678
4803,25726
4804,25726
4805,25726
4806,25726
4807,25726
4808,24958
4809,25678
4810,25726
4811,25726
4812,25678
4813,25726
4814,25726
4815,25726
4816,25726
4817,25726
4818,25726
4819,25726
4820,25726
4821,25726
4822,25726
4823,25726
4824,25726
4825,25726
4826,25726
4827,25726
4828,25726
4829,25726
4830,25726
4831,25726
4832,25678
4833,25726
4834,25678
4835,25726
4836,25726
4837,25726
4838,25726
4839,25726
4840,25726
4841,25726
4842,25726
4843,25678
4844,25726
4845,25726
4846,25678
4847,25726
4848,24526
4849,25726
4850,25726
4851,25726
4852,25630
4853,5232
4854,25726
4855,25726
4856,25726
4857,25726
4858,25726
4859,25678
4860,25678
4861,25726
4862,25726
4863,25678
4864,25726
4865,25726
4866,25726
4867,25726
4868,25726
4869,25726
4870,25726
4871,25726
4872,13102
4873,25726
4874,25678
4875,25726
4876,25726
4877,25726
4878,25726
4879,25726
4880,25726
4881,192
4882,25726
4883,16942
4884,25726
4885,25726
4886,25726
4887,21214
4888,23806
4889,25726
4890,25678
4891,25726
4892,25726
4893,25726
4894,25726
4895,25630
4896,25726
4897,25726
4898,98
4899,25678
4900,9216
4901,25726
4902,25726
4903,25726
4904,25726
4905,25726
4906,25726
4907,25726
4908,25678
4909,25678
4910,25726
4911,25726
4912,20830
4913,25726
4914,25726
4915,25726
4916,25726
4917,24094
4918,25726
4919,25726
4920,25726
4921,25678
4922,25726
4923,25726
4924,25726
4925,25726
4926,25726
4927,25726
4928,25678
4929,25678
4930,25726
4931,25726
4932,25726
4933,25726
4934,25726
4935,25726
4936,25726
4937,15406
4938,6816
4939,25726
4940,25726
4941,25678
4942,25726
4943,16126
4944,22846
4945,25678
4946,25726
4947,25726
4948,25726
4949,25726
4950,25726
4951,1152
4952,25726
4953,25726
4954,25726
4955,25726
4956,25726
4957,25726
4958,25726
4959,25726
4960,25726
4961,25726
4962,25726
4963,25726
4964,25678
4965,25726
4966,25630
4967,25726
4968,25726
4969,25726
4970,19774
4971,25678
4972,25678
4973,20926
4974,25726
4975,25678
4976,25726
4977,25726
4978,25678
4979,25678
4980,25726
4981,25630
4982,25726
4983,23614
4984,25726
4985,25726
4986,25726
4987,25726
4988,25726
4989,25726
4990,25726
4991,25678
4992,25726
4993,25726
4994,25726
4995,25726
4996,21166
4997,25726
4998,25678
4999,25678
5000,25726
5001,25726
5002,25726
5003,25726
5004,25726
5005,25726
5006,25726
5007,25726
5008,25726
5009,25726
5010,24958
5011,25726
5012,25678
5013,25726
5014,25726
5015,25678
5016,25726
5017,25678
5018,25726
5019,25726
5020,25678
5021,25726
5022,25726
5023,25582
5024,25726
5025,25726
5026,25726
5027,25726
5028,25726
5029,25678
5030,25726
5031,25678
5032,25534
5033,25726
5034,25726
5035,25054
5036,23614
5037,25726
5038,25726
5039,25678
5040,25678
5041,25726
5042,25726
5043,25678
5044,25726
5045,25726
5046,25726
5047,25726
5048,25726
5049,25726
5050,25726
5051,25726
5052,25726
5053,25726
5054,17566
5055,25726
5056,25726
5057,25726
5058,25726
5059,25726
5060,25726
5061,25726
5062,25678
5063,10752
5064,25726
5065,25726
5066,19150
5067,25726
5068,25630
5069,25726
5070,25726
5071,25726
5072,25726
5073,25678
5074,25726
5075,25726
5076,25726
5077,25726
5078,25726
5079,25726
5080,25678
5081,25726
5082,25678
5083,25726
5084,25726
5085,25726
5086,25726
5087,25726
5088,25726
5089,25726
5090,25726
5091,25726
5092,25726
5093,19102
5094,25726
5095,25726
5096,25726
5097,25678
5098,25726
5099,25726
5100,16414
5101,25726
5102,25726
5103,25726
5104,25726
5105,25726
5106,25726
5107,25678
5108,25726
5109,25726
5110,25726
5111,18766
5112,25726
5113,25678
5114,25726
5115,25726
5116,25726
5117,25726
5118,25678
5119,25678
5120,19582
5121,25726
5122,25726
5123,25726
5124,25726
5125,25726
5126,25678
5127,25726
5128,14254
5129,25678
5130,25726
5131,25726
5132,25726
5133,25678
5134,18862
5135,25726
5136,25726
5137,25726
5138,25678
5139,25678
5140,25678
5141,25678
5142,25678
5143,25678
5144,25726
5145,25726
5146,25726
5147,25726
5148,25726
5149,25726
5150,25726
5151,25726
5152,25726
5153,25726
5154,25726
5155,25726
5156,25726
5157,25726
5158,25726
5159,25726
5160,25726
5161,25726
5162,25726
5163,25678
5164,25726
5165,25726
5166,25678
5167,25726
5168,25678
5169,25726
5170,20782
5171,25726
5172,25726
5173,25726
5174,25726
5175,25726
5176,25678
5177,25726
5178,25726
5179,25726
5180,25726
5181,25630
5182,25726
5183,25726
5184,25678
5185,25726
5186,25726
5187,25678
5188,25726
5189,25726
5190,25678
5191,25726
5192,25726
5193,25726
5194,25726
5195,25726
5196,25726
5197,25678
5198,25726
5199,25726
5200,25726
5201,25726
5202,18142
5203,25726
5204,3312
5205,25726
5206,25726
5207,25726
5208,25678
5209,14446
5210,25726
5211,25678
5212,25726
5213,25630
5214,25726
5215,25726
5216,2064
5217,25726
5218,25726
5219,25726
5220,25726
5221,7248
5222,25678
5223,25678
5224,25726
5225,25726
5226,25726
5227,25726
5228,23950
5229,25726
5230,25726
5231,25102
5232,25726
5233,25726
5234,24190
5235,25726
5236,25678
5237,25726
5238,25630
5239,25726
5240,25726
5241,25726
5242,25726
5243,25726
5244,25726
5245,25726
5246,25726
5247,25726
5248,25726
5249,25726
5250,1776
5251,25726
5252,48
5253,25726
5254,25726
5255,23182
5256,25678
5257,25726
5258,25726
5259,25726
5260,25726
5261,25726
5262,25678
5263,25726
5264,25678
5265,25726
5266,25726
5267,25678
5268,25678
5269,25726
5270,25726
5271,25726
5272,25726
5273,25726
5274,25726
5275,25726
5276,25678
5277,25726
5278,25726
5279,25678
5280,25726
5281,25726
5282,13918
5283,25726
5284,25678
5285,25726
5286,13870
5287,25726
5288,25678
5289,16942
5290,25726
5291,25726
5292,22558
5293,24814
5294,25726
5295,25726
5296,25726
5297,25726
5298,25726
5299,25726
5300,25726
5301,25582
5302,2736
5303,24526
5304,25678
5305,25630
5306,25726
5307,25726
5308,25726
5309,25726
5310,25726
5311,25726
5312,25678
5313,25678
5314,25726
5315,25726
5316,25726
5317,25726
5318,25726
5319,25726
5320,19534
5321,25678
5322,13198
5323,25726
5324,25726
5325,25726
5326,25726
5327,10080
5328,25726
5329,25630
5330,25726
5331,25726
5332,25726
5333,25726
5334,25726
5335,25678
5336,25726
5337,25726
5338,25726
5339,25726
5340,25726
5341,336
5342,25678
5343,25678
5344,25726
5345,23566
5346,25726
5347,25726
5348,25726
5349,25726
5350,25726
5351,25726
5352,25726
5353,25678
5354,25726
5355,25726
5356,25726
5357,25726
5358,25726
5359,25678
5360,25726
5361,25726
5362,25726
5363,25726
5364,25726
5365,7680
5366,25726
5367,25726
5368,25726
5369,25726
5370,25726
5371,23518
5372,20254
5373,25726
5374,25726
5375,25726
5376,25726
5377,25726
5378,25726
5379,25726
5380,22126
5381,25726
5382,25726
5383,25726
5384,16846
5385,25726
5386,25726
5387,25726
5388,25726
5389,25726
5390,25726
5391,25726
5392,25726
5393,25678
5394,25726
5395,15934
5396,25726
5397,25726
5398,25678
5399,25678
5400,25678
5401,25246
5402,25726
5403,25678
5404,24766
5405,25726
5406,25726
5407,25678
5408,25726
5409,25726
5410,25726
5411,25726
5412,25726
5413,25678
5414,11712
5415,25726
5416,25678
5417,25726
5418,21934
5419,1728
5420,25726
5421,25726
5422,25726
5423,25678
5424,25726
5425,25726
5426,25726
5427,11616
5428,25726
5429,25726
5430,25726
5431,1536
5432,25678
5433,25726
5434,25726
5435,25678
5436,24286
5437,25726
5438,25726
5439,25726
5440,25726
5441,25726
5442,25726
5443,25726
5444,25726
5445,24910
5446,25726
5447,25726
5448,25726
5449,25726
5450,25726
5451,25726
5452,25678
5453,25726
5454,25726
5455,25726
5456,25726
5457,25726
5458,25726
5459,25726
5460,25726
5461,25678
5462,25726
5463,25726
5464,25726
5465,25726
5466,25726
5467,25726
5468,25726
5469,25726
5470,25726
5471,25726
5472,25678
5473,25726
5474,25678
5475,25678
5476,25726
5477,25726
5478,14110
5479,23854
5480,25726
5481,25726
5482,25678
5483,25678
5484,25726
5485,25726
5486,25726
5487,25726
5488,25726
5489,19438
5490,25726
5491,25726
5492,25678
5493,25726
5494,25678
5495,25726
5496,25726
5497,25726
5498,25726
5499,25726
5500,25726
5501,25726
5502,25726
5503,25726
5504,25726
5505,25726
5506,25726
5507,25726
5508,25726
5509,21934
5510,25726
5511,25726
5512,25486
5513,25726
5514,23950
5515,23230
5516,25678
5517,25726
5518,25726
5519,9552
5520,25726
5521,25582
5522,25726
5523,25726
5524,25726
5525,25726
5526,25726
5527,25726
5528,25726
5529,25726
5530,25726
5531,25726
5532,25678
5533,12048
5534,2160
5535,7824
5536,22222
5537,25726
5538,25726
5539,25678
5540,25726
5541,24910
5542,19774
5543,25726
5544,25630
5545,25726
5546,25726
5547,25726
5548,25726
5549,25726
5550,25678
5551,25726
5552,25726
5553,13872
5554,25726
5555,25678
5556,25726
5557,25726
5558,25726
5559,25726
5560,25678
5561,25726
5562,13534
5563,25726
5564,7536
5565,25726
5566,25726
5567,25726
5568,25726
5569,13822
5570,25726
5571,24478
5572,25726
5573,25726
5574,12910
5575,25726
5576,25678
5577,25726
5578,25726
5579,25726
5580,25726
5581,25726
5582,25726
5583,25726
5584,25678
5585,25678
5586,7344
5587,25726
5588,25726
5589,25726
5590,25726
5591,25726
5592,25726
5593,25726
5594,25726
5595,25726
5596,25726
5597,25726
5598,25726
5599,25726
5600,25678
5601,25726
5602,25726
5603,25726
5604,25678
5605,25726
5606,25726
5607,25726
5608,25726
5609,25630
5610,25726
5611,25726
5612,25726
5613,25726
5614,25726
5615,25726
5616,25726
5617,25726
5618,25726
5619,25726
5620,25726
5621,25678
5622,25726
5623,25678
5624,3072
5625,13198
5626,25726
5627,25726
5628,25678
5629,23422
5630,25726
5631,25726
5632,25726
5633,25678
5634,25726
5635,25726
5636,25726
5637,25726
5638,25726
5639,25726
5640,18478
5641,25678
5642,25726
5643,25726
5644,25726
5645,25726
5646,25726
5647,25726
5648,25726
5649,25726
5650,25726
5651,25678
5652,25726
5653,25726
5654,25726
5655,25726
5656,25726
5657,25726
5658,25726
5659,25678
5660,25726
5661,20638
5662,25726
5663,25678
5664,25678
5665,25726
5666,25726
5667,25726
5668,25726
5669,25726
5670,25726
5671,25678
5672,25726
5673,14158
5674,25726
5675,25726
5676,25726
5677,15358
5678,25726
5679,25726
5680,25726
5681,21454
5682,25678
5683,25678
5684,25726
5685,25726
5686,25726
5687,25726
5688,25726
5689,25726
5690,19822
5691,25726
5692,25726
5693,25678
5694,25726
5695,192
5696,25726
5697,25726
5698,25678
5699,10752
5700,17854
5701,25726
5702,25678
5703,25726
5704,25678
5705,23854
5706,16078
5707,25726
5708,25630
5709,25726
5710,25726
5711,25678
5712,25726
5713,25678
5714,25726
5715,25726
5716,25726
5717,25726
5718,25726
5719,25678
5720,22126
5721,25726
5722,25726
5723,16752
5724,8880
5725,25726
5726,25726
5727,25726
5728,3120
5729,25726
5730,25726
5731,25726
5732,25678
5733,25678
5734,25726
5735,25726
5736,25726
5737,25678
5738,25726
5739,25726
5740,25726
5741,25726
5742,25678
5743,25630
5744,24190
5745,25630
5746,25726
5747,25726
5748,25726
5749,25678
5750,25726
5751,25726
5752,25726
5753,25678
5754,25726
5755,25726
5756,25726
5757,25726
5758,13582
5759,672
5760,25726
5761,17470
5762,25726
5763,25726
5764,25678
5765,25726
5766,25726
5767,25726
5768,25726
5769,5712
5770,25630
5771,25726
5772,25726
5773,25726
5774,24622
5775,25726
5776,25726
5777,14638
5778,14590
5779,25726
5780,25726
5781,25726
5782,25726
5783,25726
5784,25726
5785,24814
5786,25726
5787,25726
5788,25726
5789,25726
5790,25726
5791,25726
5792,16798
5793,25726
5794,25678
5795,25726
5796,25726
5797,25678
5798,25726
5799,25726
5800,25726
5801,25726
5802,25726
5803,25726
5804,25726
5805,25726
5806,25726
5807,25726
5808,25726
5809,25726
5810,25726
5811,25726
5812,25726
5813,25726
5814,25678
5815,25726
5816,25726
5817,25726
5818,25726
5819,25726
5820,25726
5821,7536
5822,25678
5823,25726
5824,25726
5825,25726
5826,25726
5827,25726
5828,25726
5829,25726
5830,25726
5831,25726
5832,25726
5833,25678
5834,25726
5835,25726
5836,14590
5837,25726
5838,25726
5839,25726
5840,25726
5841,25726
5842,25726
5843,25726
5844,25726
5845,25678
5846,25726
5847,25726
5848,25726
5849,288
5850,19198
5851,25726
5852,25678
5853,25726
5854,25726
5856,16606
5857,25726
5858,17134
5859,25726
5860,25726
5861,25726
5862,25726
5863,25726
5864,25726
5865,25726
5866,25726
5867,25726
5868,25726
5869,25678
5870,25726
5871,25726
5872,25726
5873,25726
5874,25726
5875,25726
5876,24814
5877,25726
5878,25726
5879,25726
5880,25678
5881,25726
5882,25726
5883,25726
5884,25726
5885,25726
5886,25726
5887,25726
5888,25726
5889,25678
5890,25726
5891,25726
5892,25726
5893,25726
5894,25726
5895,24958
5896,21262
5897,25726
5898,25726
5899,25726
5900,25630
5901,17518
5902,25678
5903,25726
5904,25630
5905,25726
5906,25726
5907,25726
5908,25726
5909,25726
5910,25726
5911,25678
5912,25726
5913,25726
5914,25678
5915,25726
5916,12382
5917,25726
5918,25726
5919,25054
5920,11136
5921,25726
5922,25726
5923,25726
5924,25726
5925,25726
5926,25678
5927,25726
5928,25726
5929,25678
5930,23134
5931,25726
5932,25726
5933,25726
5934,25726
5935,25726
5936,25726
5937,25726
5938,25726
5939,25726
5940,25726
5941,25726
5942,25726
5943,25726
5944,12814
5945,25726
5946,25726
5947,25678
5948,25726
5949,25726
5950,17614
5951,25726
5952,25726
5953,25726
5954,25726
5955,25726
5956,25726
5957,25726
5958,25726
5959,25726
5960,18766
5961,25726
5962,25726
5963,25630
5964,25726
5965,25726
5966,25726
5967,25726
5968,25726
5969,25726
5970,25678
5971,25726
5972,25726
5973,25726
5974,25726
5975,25726
5976,25726
5977,25726
5978,25726
5979,25726
5980,25678
5981,25726
5982,25726
5983,25726
5984,25726
5985,25726
5986,25726
5987,25726
5988,25726
5989,25726
5990,24526
5991,25726
5992,25678
5993,25726
5994,25726
5995,25726
5996,25678
5997,25726
5998,25054
5999,25678
6000,25726
6001,25726
6002,25726
6003,25726
6004,25726
6005,25726
6006,25726
6007,25726
6008,25726
6009,25678
6010,24382
6011,25678
6012,25726
6013,25726
6014,25726
6015,2016
6016,25726
6017,25726
6018,25726
6019,25294
6020,25726
6021,25726
6022,25726
6023,25726
6024,25726
6025,25726
6026,25726
6027,25726
6028,25726
6029,25726
6030,25726
6031,25726
6032,25726
6033,25678
6034,25726
6035,25678
6036,25726
6037,25726
6038,25726
6039,25726
6040,25726
6041,25726
6042,24910
6043,25678
6044,25726
6045,25726
6046,25726
6047,25726
6048,25726
6049,25726
6050,25726
6051,17902
6052,25726
6053,25726
6054,25726
6055,25726
6056,25678
6057,25726
6058,25678
6059,25678
6060,25726
6061,25726
6062,25726
6063,25726
6064,25726
6065,25726
6066,25726
6067,25726
6068,25726
6069,20878
6070,25726
6071,20110
6072,24814
6073,4512
6074,25726
6075,15790
6076,25726
6077,25054
6078,25726
6079,23614
6080,25726
6081,25726
6082,25726
6083,25678
6084,19102
6085,25726
6086,25726
6087,25726
6088,25726
6089,25726
6090,25726
6091,25726
6092,25726
6093,25726
6094,25726
6095,25726
6096,25678
6097,25726
6098,25726
6099,12384
6100,25630
6101,25726
6102,2496
6103,7776
6104,25726
6105,25726
6106,25726
6107,25726
6108,25726
6109,25726
6110,25678
6111,18190
6112,25726
6113,25726
6114,18382
6115,25726
6116,25726
6117,25726
6118,25726
6119,25726
6120,25726
6121,25726
6122,25726
6123,25726
6124,25630
6125,18142
6126,25726
6127,25678
6128,25726
6129,25726
6130,25726
6131,25726
6132,25678
6133,2640
6134,25726
6135,24526
6136,25726
6137,25678
6138,19294
6139,25726
6140,25726
6141,25726
6142,25726
6143,12048
6144,25726
6145,25726
6146,25726
6147,25726
6148,25726
6149,25726
6150,25726
6151,25726
6152,25726
6153,25726
6154,25726
6155,25726
6156,25726
6157,25726
6158,25726
6159,25726
6160,25726
6161,25582
6162,25726
6163,25726
6164,2064
6165,25726
6166,25678
6167,25678
6168,25726
6169,25726
6170,25726
6171,25726
6172,25678
6173,25678
6174,25726
6175,25678
6176,25726
6177,25726
6178,25726
6179,23806
6180,25726
6181,25726
6182,25726
6183,25726
6184,25726
6185,25726
6186,25678
6187,25726
6188,24862
6189,25678
6190,25726
6191,25726
6192,2304
6193,25726
6194,25726
6195,25726
6196,19774
6197,25726
6198,25726
6199,25726
6200,1056
6201,25678
6202,25726
6203,25726
6204,25678
6205,25726
6206,25726
6207,25726
6208,25726
6209,25726
6210,25726
6211,13054
6212,25678
6213,25726
6214,25726
6215,25726
6216,25726
6217,25678
6218,25726
6219,25726
6220,25726
6221,25726
6222,25678
6223,25726
6224,25726
6225,22654
6226,25726
6227,25726
6228,25726
6229,25726
6230,25726
6231,25726
6232,25726
6233,25726
6234,25726
6235,25726
6236,25726
6237,22126
6238,25726
6239,25726
6240,25726
6241,25726
6242,25726
6243,25726
6244,25726
6245,25678
6246,25726
6247,25726
6248,11760
6249,25726
6250,25726
6251,25678
6252,25726
6253,25726
6254,25726
6255,14782
6256,25678
6257,25726
6258,25726
6259,25726
6260,25726
6261,25726
6262,25678
6263,25726
6264,25726
6265,24238
6266,25726
6267,25726
6268,25678
6269,25726
6270,25726
6271,25726
6272,25726
6273,25726
6274,25726
6275,25726
6276,25726
6277,25726
6278,25678
6279,25726
6280,25726
6281,25726
6282,25678
6283,25726
6284,25678
6285,25726
6286,25726
6287,25726
6288,24958
6289,25726
6290,4368
6291,25726
6292,25726
6293,25726
6294,25678
6295,25726
6296,336
6297,13054
6298,25726
6299,25678
6300,17518
6301,25726
6302,25390
6303,25726
6304,25678
6305,25726
6306,25726
6307,25726
6308,25726
6309,2400
6310,25726
6311,11136
6312,25726
6313,25678
6314,25726
6315,25726
6316,25726
6317,25726
6318,25678
6319,25726
6320,23566
6321,25726
6322,25678
6323,25726
6324,25726
6325,25726
6326,25678
6327,25678
6328,25726
6329,25726
6330,21934
6331,25342
6332,25726
6333,25726
6334,25726
6335,25726
6336,25726
6337,25678
6338,25678
6339,15934
6340,25726
6341,25678
6342,25726
6343,25726
6344,25726
6345,25726
6346,22462
6347,25726
6348,25726
6349,25726
6350,6672
6351,25726
6352,25726
6353,24478
6354,17902
6355,25726
6356,25726
6357,25726
6358,25726
6359,25726
6360,25726
6361,22846
6362,25726
6363,25726
6364,25246
6365,25726
6366,25726
6367,25678
6368,14398
6369,25726
6370,25726
6371,25678
6372,25726
6373,25726
6374,25726
6375,25726
6376,25726
6377,25726
6378,8352
6379,25726
6380,25726
6381,25726
6382,25726
6383,25726
6384,25726
6385,24382
6386,25630
6387,25678
6388,25726
6389,25726
6390,25726
6391,25678
6392,25726
6393,25726
6394,25726
6395,25726
6396,25678
6397,25726
6398,25726
6399,25726
6400,25726
6401,25726
6402,25726
6403,25678
6404,25726
6405,25726
6406,25726
6407,25726
6408,15166
6409,25726
6410,25726
6411,25726
6412,25726
6413,25726
6414,25678
6415,25726
6416,25342
6417,25726
6418,25726
6419,24238
6420,25726
6421,25726
6422,25726
6423,25726
6424,25630
6425,25726
6426,25726
6427,25726
6428,25726
6429,25726
6430,25726
6431,25678
6432,9888
6433,25726
6434,25726
6435,25678
6436,25678
6437,25726
6438,25726
6439,25678
6440,25726
6441,25726
6442,25678
6443,25630
6444,25726
6445,25726
6446,25726
6447,25726
6448,25726
6449,25726
6450,25678
6451,25726
6452,25726
6453,25726
6454,25726
6455,18478
6456,25726
6457,25726
6458,25726
6459,25678
6460,25726
6461,25726
6462,25726
6463,25726
6464,25726
6465,25678
6466,25726
6467,25726
6468,25726
6469,25726
6470,11568
6471,25726
6472,25726
6473,25726
6474,25678
6475,25678
6476,25726
6477,25726
6478,25726
6479,25726
6480,25726
6481,25678
6482,25726
6483,25726
6484,25726
6485,25678
6486,25726
6487,25678
6488,25726
6489,25726
6490,25726
6491,25726
6492,25726
6493,25726
6494,25630
6495,25726
6496,25726
6497,25726
6498,25726
6499,25726
6500,25678
6501,1296
6502,25726
6503,25726
6504,25726
6505,25678
6506,25726
6507,25726
6508,25726
6509,25726
6510,21262
6511,25726
6512,25726
6513,25678
6514,25678
6515,21166
6516,25726
6517,25726
6518,25726
6519,5424
6520,25726
6521,25678
6522,25726
6523,25726
6524,25726
6525,25726
6526,25726
6527,3456
6528,25726
6529,25726
6530,25678
6531,25678
6532,25726
6533,25726
6534,25726
6535,13870
6536,25726
6537,25726
6538,22270
6539,25726
6540,25726
6541,25726
6542,25630
6543,25678
6544,25678
6545,25726
6546,25726
6547,25726
6548,25726
6549,25726
6550,25726
6551,25726
6552,25678
6553,25726
6554,25726
6555,25726
6556,25726
6557,25726
6558,25726
6559,25726
6560,25726
6561,25726
6562,24478
6563,25726
6564,25726
6565,25726
6566,25726
6567,25726
6568,25726
6569,25726
6570,25726
6571,25726
6572,25726
6573,25726
6574,24286
6575,25726
6576,25726
6577,25726
6578,25726
6579,25726
6580,25726
6581,25726
6582,25726
6583,25726
6584,25726
6585,25726
6586,25726
6587,20830
6588,25726
6589,6144
6590,25726
6591,25726
6592,25678
6593,25678
6594,25726
6595,25726
6597,25726
6598,25726
6599,25726
6600,25726
6601,25726
6602,25726
6603,25678
6604,25726
6605,25726
6606,25726
6607,25726
6608,25678
6609,25726
6610,25726
6611,25726
6612,25726
6613,25726
6614,25726
6615,2352
6616,17758
6617,13390
6618,25678
6619,25678
6620,20446
6621,25726
6622,25678
6623,25726
6624,25630
6625,25726
6626,25726
6627,25726
6628,25678
6629,25726
6630,25630
6631,25678
6632,25726
6633,25678
6634,25678
6635,25678
6636,25678
6637,25726
6638,25726
6639,25726
6640,25726
6641,25726
6642,23614
6643,25726
6644,25726
6645,23998
6646,25678
6647,25678
6648,25726
6649,25726
6650,25150
6651,25726
6652,25726
6653,25726
6654,25726
6655,25726
6656,25726
6657,25726
6658,25726
6659,25678
6660,25726
6661,25726
6662,12000
6663,25726
6664,25726
6665,25726
6666,10704
6667,25726
6668,25726
6669,25726
6670,25726
6671,24910
6672,25726
6673,24286
6674,25678
6675,672
6676,25726
6677,25726
6678,25726
6679,25726
6680,25726
6681,25726
6682,25726
6683,25726
6684,25726
6685,25726
6686,25726
6687,25726
6688,25630
6689,25726
6690,25726
6691,25726
6692,25726
6693,25726
6694,25726
6695,25726
6696,25726
6697,25678
6698,25726
6699,25726
6700,25726
6701,25726
6702,23662
6703,25726
6704,25726
6705,25726
6706,25726
6707,25726
6708,25726
6709,25726
6710,16414
6711,25726
6712,22654
6714,25726
6715,25726
6716,25678
6717,25726
6718,25678
6719,25678
6720,25726
6721,25726
6722,25726
6723,24910
6724,25726
6725,25726
6726,25726
6727,18094
6728,25678
6729,25726
6730,25726
6731,25726
6732,25726
6733,25726
6734,25726
6735,25726
6736,25726
6737,25726
6738,25726
6739,25726
6740,25726
6741,25726
6742,25726
6743,25726
6744,25726
6745,25726
6746,25726
6747,25726
6748,4800
6749,25726
6750,25726
6751,25726
6752,25726
6753,25726
6754,25678
6755,25726
6756,25726
6757,25630
6758,25726
6759,18286
6760,25726
6761,25678
6762,25726
6763,25678
6764,25726
6765,19918
6766,25726
6767,25726
6768,25726
6769,25726
6770,25726
6771,25726
6772,25630
6773,25726
6774,25726
6775,25726
6776,25726
6777,17134
6778,25678
6779,25726
6780,25726
6781,25726
6782,25678
6783,25678
6784,25726
6785,25726
6786,25726
6787,25726
6788,25726
6789,25726
6790,25726
6791,25726
6792,25726
6793,25726
6794,25678
6795,24862
6796,25726
6797,24958
6798,25678
6799,25726
6800,25726
6801,25726
6802,16510
6803,25678
6804,25726
6805,25726
6806,25726
6807,25726
6808,25678
6809,25726
6810,25726
6811,25726
6812,25678
6813,25726
6814,25726
6815,25726
6816,25726
6817,25726
6818,25726
6819,25726
6820,25678
6821,25726
6822,25678
6823,22846
6824,25726
6825,25678
6826,25726
6827,25726
6828,25726
6829,25726
6830,25678
6831,25726
6832,25726
6833,25726
6834,17086
6835,25726
6836,25678
6837,25678
6838,25726
6839,25726
6840,25726
6841,25726
6842,13102
6843,25726
6844,17422
6845,25726
6846,25726
6847,25726
6848,25726
6849,25726
6850,15934
6851,25726
6852,25726
6853,25726
6854,25726
6855,5088
6856,25678
6857,25726
6858,25726
6859,25726
6860,25726
6861,25678
6862,432
6863,25726
6864,25678
6865,25678
6866,25726
6867,25726
6868,25726
6869,25726
6870,25726
6871,25726
6872,25726
6873,25678
6874,25534
6875,25726
6876,25726
6877,25726
6878,25150
6879,23662
6880,25726
6881,25726
6882,25726
6883,25726
6884,25726
6885,25726
6886,25726
6887,24766
6888,25726
6889,25678
6890,25726
6891,18574
6892,25726
6893,25726
6894,25726
6895,25726
6896,25726
6897,25678
6898,25726
6899,25726
6900,25726
6901,25726
6902,25726
6903,25726
6904,25726
6905,25726
6906,25726
6907,25726
6908,25678
6909,25726
6910,25726
6911,25726
6912,21838
6913,25726
6914,25726
6915,25726
6916,25726
6917,25726
6918,25726
6919,25726
6920,25678
6921,25678
6922,25726
6923,25678
6924,25726
6925,25678
6926,25726
6927,25726
6928,25678
6929,8400
6930,25726
6931,25726
6932,23854
6933,25726
6934,25726
6935,25726
6936,25726
6937,25726
6938,25726
6939,25726
6940,25726
6941,25726
6942,25726
6943,25678
6944,25678
6945,11856
6946,25726
6947,25726
6948,21310
6949,25726
6950,25726
6951,25678
6952,25726
6953,25726
6954,25726
6955,25630
6956,25726
6957,25726
6958,19198
6959,25726
6960,25726
6961,25726
6962,25726
6963,25678
6964,25678
6965,25726
6966,25678
6967,25726
6968,25678
6969,25726
6970,25726
6971,25198
6972,25678
6973,25678
6974,25726
6975,25678
6976,25726
6977,25726
6978,25726
6979,11424
6980,25726
6981,25678
6982,25726
6983,25678
6984,25726
6985,25726
6986,25726
6987,25726
6988,25726
6989,25726
6990,25726
6991,22942
6992,25726
6993,15166
6994,25726
6995,25726
6996,25726
6997,25726
6998,25726
6999,25726
7000,25726
7001,25726
7002,25726
7003,25726
7004,25726
7005,25678
7006,25726
7007,25630
7008,22270
7009,25726
7010,25726
7011,25678
7012,25630
7013,25726
7014,25726
7015,25726
7016,25726
7017,25726
7018,25726
7019,25726
7020,20542
7021,25726
7022,25726
7023,25726
7024,25726
7025,25678
7026,25726
7027,25726
7028,8544
7029,24382
7030,25726
7031,25726
7032,24862
7033,25726
7034,22270
7035,16078
7036,25726
7037,25678
7038,25726
7039,25726
7040,25726
7041,25726
7042,25726
7043,25726
7044,25726
7045,4656
7046,25678
7047,14254
7048,25726
7049,25726
7050,25726
7051,25726
7052,19246
7053,25726
7054,25726
7055,25726
7056,25726
7057,25726
7058,25726
7059,25726
7060,25678
7061,25726
7062,25726
7063,25726
7064,25630
7065,25726
7066,25726
7067,25726
7068,25678
7069,25726
7070,25726
7071,4848
7072,25726
7073,25726
7074,22800
7075,25726
7076,25726
7077,25678
7078,25726
7079,25726
7080,25726
7081,25726
7082,25726
7083,16414
7084,25726
7085,25726
7086,25726
7087,25726
7088,25678
7089,25726
7090,25726
7091,25726
7092,25726
7093,25726
7094,25726
7095,25726
7096,7728
7097,25726
7098,1776
7099,25726
7100,25726
7101,25678
7102,25678
7103,25726
7104,25726
7105,25726
7106,25726
7107,25726
7108,25726
7109,25726
7110,25678
7111,25678
7112,11136
7113,25726
7114,25726
7115,25726
7116,25726
7117,25726
7118,17230
7119,25726
7120,25726
7121,25726
7122,25726
7123,25726
7124,22366
7125,25726
7126,4752
7127,25726
7128,25726
7129,25726
7130,25678
7131,25726
7132,25726
7133,25678
7134,25342
7135,25726
7136,25726
7137,25726
7138,25726
7139,25726
7140,6192
7141,25726
7142,25678
7143,25726
7144,25726
7145,25726
7146,25726
7147,25726
7148,25726
7149,25726
7150,25726
7151,25726
7152,25726
7153,2496
7154,25726
7155,25726
7156,24814
7157,25726
7158,2016
7159,25726
7160,3312
7161,25726
7162,25726
7163,25726
7164,25678
7165,25726
7166,25726
7167,25726
7168,25726
7169,25726
7170,25630
7171,25726
7172,25726
7173,25726
7174,18286
7175,25678
7176,17470
7177,25678
7178,24286
7179,25726
7180,25726
7181,25726
7182,25726
7183,25726
7184,25678
7185,25726
7186,25726
7187,25726
7188,25726
7189,25342
7190,25726
7191,25726
7192,25678
7193,25726
7194,25726
7195,25726
7196,25726
7197,25678
7198,25726
7199,24958
7200,25678
7201,25726
7202,25726
7203,25678
7204,25726
7205,25726
7206,25630
7207,25726
7208,25678
7209,25726
7210,20542
7211,20590
7212,22270
7213,25726
7214,24286
7215,7200
7216,25726
7217,25726
7218,25678
7219,25726
7220,25726
7221,25726
7222,25726
7223,15454
7224,25726
7225,25726
7226,22558
7227,25678
7228,25678
7229,25726
7230,25726
7231,2496
7232,25630
7233,25678
7234,25726
7235,25726
7236,5760
7237,25582
7238,25726
7239,25726
7240,25678
7241,25726
7242,25726
7243,25726
7244,25678
7245,25726
7246,25726
7247,25678
7248,25726
7249,25726
7250,25726
7251,25726
7252,25726
7253,25726
7254,25726
7255,25726
7256,25678
7257,25726
7258,25726
7259,25726
7260,15598
7261,15598
7262,25726
7263,12526
7264,25678
7265,24238
7266,25726
7267,25726
7268,25726
7269,25678
7270,25726
7271,25678
7272,25678
7273,25726
7274,25726
7275,7392
7276,25726
7277,25726
7278,25726
7279,25678
7280,25726
7281,25726
7282,25726
7283,25678
7284,25678
7285,25678
7286,25726
7287,25726
7288,25726
7289,25726
7290,25726
7291,25726
7292,21214
7293,25726
7294,25726
7295,25726
7296,25726
7297,14878
7298,25678
7299,25726
7300,25726
7301,25726
7302,25678
7303,25678
7304,17518
7305,25726
7306,25726
7307,22800
7308,25726
7309,25726
7310,25678
7311,25726
7312,25726
7313,25726
7314,25630
7315,25726
7316,25726
7317,25006
7318,25726
7319,25678
7320,25726
7321,25726
7322,25678
7323,25726
7324,25726
7325,25726
7326,25726
7327,25726
7328,25726
7329,25678
7330,25726
7331,22510
7332,25726
7333,25726
7334,25726
7335,25726
7336,25726
7337,25678
7338,6816
7339,20974
7340,25726
7341,25726
7342,25726
7343,25726
7344,25726
7345,25726
7346,25726
7347,25726
7348,25726
7349,25726
7350,12910
7351,25678
7352,25678
7353,25678
7354,25726
7355,25726
7356,25726
7357,25726
7358,24382
7359,25630
7360,5856
7361,25726
7362,25726
7363,25726
7364,25726
7365,25726
7366,25726
7367,25726
7368,25726
7369,25726
7370,25726
7371,25726
7372,25726
7373,25726
7374,25726
7375,25726
7376,25726
7377,25726
7378,25726
7379,25726
7380,25678
7381,25726
7382,25726
7383,25726
7384,25726
7385,25726
7386,25726
7387,25726
7388,25726
7389,25726
7390,25726
7391,25726
7392,1296
7393,25726
7394,25678
7395,15838
7396,25726
7397,25726
7398,25678
7399,25726
7400,25726
7401,25726
7402,25726
7403,25726
7404,23422
7405,25678
7406,25726
7407,25726
7408,25726
7409,25678
7410,25726
7411,25726
7412,25726
7413,25726
7414,25726
7415,25726
7416,25726
7417,25726
7418,25726
7419,6048
7420,25726
7421,25726
7422,25726
7423,24622
7424,25726
7425,25726
7426,48
7427,25726
7428,25726
7429,25678
7430,25678
7431,25726
7432,25726
7433,25726
7434,25726
7435,25726
7436,25726
7437,25726
7438,25726
7439,25630
7440,25678
7441,25726
7442,25726
7443,25726
7444,22126
